label,jobs,threads,entities,frames,metric,median_ms,p95_ms,p99_ms,mean_ms,min_ms,max_ms
jobs-off-run1,off,1,20006,2000,Frame,3.0138,3.5390,3.9583,3.0812,2.5583,5.9153
jobs-off-run1,off,1,20006,2000,StressAnimation,0.5289,0.8905,0.9335,0.6204,0.4714,1.0610
jobs-off-run1,off,1,20006,2000,RenderPrepare,0.9225,1.1489,1.4613,0.9562,0.7591,3.7848
jobs-off-run1,off,1,20006,2000,RenderRecord,0.1447,0.1727,0.2857,0.1512,0.1401,0.4803
jobs-off-run2,off,1,20006,2000,Frame,3.0278,3.4902,3.6986,3.0748,2.5373,4.7273
jobs-off-run2,off,1,20006,2000,StressAnimation,0.5423,0.8921,0.9530,0.6266,0.4723,1.1039
jobs-off-run2,off,1,20006,2000,RenderPrepare,0.9084,1.1162,1.3049,0.9350,0.7690,1.9726
jobs-off-run2,off,1,20006,2000,RenderRecord,0.1454,0.1707,0.2763,0.1502,0.1408,0.4003
jobs-off-run3,off,1,20006,2000,Frame,3.0088,3.5340,4.1110,3.0750,2.5958,9.9106
jobs-off-run3,off,1,20006,2000,StressAnimation,0.5171,0.8929,0.9538,0.6041,0.4736,3.1220
jobs-off-run3,off,1,20006,2000,RenderPrepare,0.9156,1.1591,1.5655,0.9497,0.7683,2.0132
jobs-off-run3,off,1,20006,2000,RenderRecord,0.1451,0.1730,0.2921,0.1518,0.1404,0.4918
jobs-on-run1,on,16,20006,2000,Frame,1.7807,2.1129,2.3602,1.8262,1.5707,2.7426
jobs-on-run1,on,16,20006,2000,StressAnimation,0.1721,0.1982,0.2278,0.1712,0.1212,0.4474
jobs-on-run1,on,16,20006,2000,RenderPrepare,0.2213,0.2810,0.3610,0.2303,0.1933,0.6461
jobs-on-run1,on,16,20006,2000,RenderRecord,0.1576,0.3383,0.5138,0.1916,0.1489,0.7173
jobs-on-run2,on,16,20006,2000,Frame,1.7954,2.1935,2.3589,1.8429,1.2293,5.3000
jobs-on-run2,on,16,20006,2000,StressAnimation,0.1685,0.1922,0.2095,0.1648,0.0890,0.3141
jobs-on-run2,on,16,20006,2000,RenderPrepare,0.2180,0.2644,0.3114,0.2214,0.1343,0.5528
jobs-on-run2,on,16,20006,2000,RenderRecord,0.1579,0.3322,0.4350,0.1895,0.1498,0.6348
jobs-on-run3,on,16,20006,2000,Frame,1.8079,2.4359,2.5447,1.9095,1.5444,24.9657
jobs-on-run3,on,16,20006,2000,StressAnimation,0.1669,0.1915,0.2210,0.1751,0.1026,22.9512
jobs-on-run3,on,16,20006,2000,RenderPrepare,0.2197,0.2825,0.3460,0.2271,0.1453,1.6680
jobs-on-run3,on,16,20006,2000,RenderRecord,0.1584,0.3522,0.5073,0.1932,0.1503,0.6366
